[
{
  "model": "products.product",
  "pk": 1,
  "fields": {
    "name": "mens full hand shirts",
    "image_url": "https://res.cloudinary.com/dals8bd6a/image/upload/v1769012772/2_163f0f18-7be8-4d95-a8fc-85b13b5a143e_qmqovl.jpg",
    "gender": "male",
    "category": "clothing",
    "subcategory": "shirts",
    "subcategory1": "full sleeve",
    "subcategory2": "formal",
    "brand": "Peter England",
    "price": 2999.0,
    "description": "Peter England white shirt crafted from premium cotton for a clean, polished look. Perfect for office wear or formal occasions, offering all-day comfort and timeless style.",
    "likes_count": 0,
    "sold_count": 0,
    "attributes": {
      "fit": "regular",
      "color": "white",
      "fabric": "cotton",
      "season": "summer winter",
      "occasion": "formal"
    }
  }
},
{
  "model": "products.product",
  "pk": 2,
  "fields": {
    "name": "Mens full hand shirt",
    "image_url": "https://res.cloudinary.com/dals8bd6a/image/upload/v1769012771/39600203-12034890_vhjfbf.jpg",
    "gender": "male",
    "category": "clothing",
    "subcategory": "shirts",
    "subcategory1": "full sleeve",
    "subcategory2": "occasions",
    "brand": "Louis Philippe",
    "price": 1999.0,
    "description": "Louis Philippe brown shirt made from premium blended fabric for a rich, elegant look. Ideal for office wear and evening occasions with lasting comfort.",
    "likes_count": 0,
    "sold_count": 0,
    "attributes": {
      "fit": "slim fit",
      "brand": "Louis Philippe",
      "color": "brown",
      "fabric": "cotton blend",
      "season": "winter monsoon",
      "occasion": "Normal wear"
    }
  }
},
{
  "model": "products.product",
  "pk": 3,
  "fields": {
    "name": "Mens full hand shirt",
    "image_url": "https://res.cloudinary.com/dals8bd6a/image/upload/v1769012767/mens-full-sleeve-shirt-500x500_igakjm.jpg",
    "gender": "male",
    "category": "clothing",
    "subcategory": "shirts",
    "subcategory1": "full sleeve",
    "subcategory2": "formal",
    "brand": "Raymond",
    "price": 1499.0,
    "description": "Raymond blue shirt crafted from premium breathable cotton for a refined and modern look. Suitable for daily office wear and semi-formal occasions with all-day comfort",
    "likes_count": 0,
    "sold_count": 0,
    "attributes": {
      "fit": "tailored fit",
      "brand": "Raymond",
      "color": "blue",
      "fabric": "pure cotton",
      "season": "summer spring",
      "occasion": "semi-formal"
    }
  }
},
{
  "model": "products.product",
  "pk": 4,
  "fields": {
    "name": "Mens half Hand shirt",
    "image_url": "https://res.cloudinary.com/dals8bd6a/image/upload/v1769013408/b280c792e965e7de5b75f2e38a4573cf5853849e_kpokcq.jpg",
    "gender": "male",
    "category": "clothing",
    "subcategory": "shirts",
    "subcategory1": "half sleeve",
    "subcategory2": "casual shirst",
    "brand": "Allen Solly",
    "price": 1499.0,
    "description": "Allen Solly light blue half-sleeve shirt made from soft breathable cotton for everyday comfort. Perfect for casual and smart-casual wear in warm weather.",
    "likes_count": 0,
    "sold_count": 0,
    "attributes": {
      "fit": "regular fit",
      "brand": "Allen Solly",
      "color": "light blue",
      "fabric": "cotton",
      "season": "summer",
      "sleeve": "half sleeve",
      "occasion": "casual"
    }
  }
},
{
  "model": "products.product",
  "pk": 5,
  "fields": {
    "name": "Mens half Hand shirt",
    "image_url": "https://res.cloudinary.com/dals8bd6a/image/upload/v1769013408/Linen_Casual_Half_Sleeve_Beige_Printed_Shirt_Gabin-ES014017A1-image1_1600x_hyhcop.jpg",
    "gender": "male",
    "category": "clothing",
    "subcategory": "shirts",
    "subcategory1": "half sleeve",
    "subcategory2": "perfect fit",
    "brand": "Pantaloons",
    "price": 999.0,
    "description": "Pantaloons creamish-brown half-sleeve shirt designed with a perfect fit for a smart, modern look. Crafted from breathable cotton, ideal for daily wear and warm weather.",
    "likes_count": 0,
    "sold_count": 0,
    "attributes": {
      "fit": "perfect fit",
      "brand": "Pantaloons",
      "color": "cream brown",
      "fabric": "cotton",
      "season": "summer spring",
      "sleeve": "half sleeve",
      "occasion": "smart casual"
    }
  }
},
{
  "model": "products.product",
  "pk": 6,
  "fields": {
    "name": "Mens half Hand shirt",
    "image_url": "https://res.cloudinary.com/dals8bd6a/image/upload/v1769013406/SKU-0976_3-1727255836837_anbh7m.webp",
    "gender": "male",
    "category": "clothing",
    "subcategory": "shirts",
    "subcategory1": "half sleeve",
    "subcategory2": "casual shirst",
    "brand": "Pantaloons",
    "price": 1299.0,
    "description": "Pantaloons pastel aqua half-sleeve shirt tailored in a perfect fit for a fresh, modern look. Made from breathable cotton, ideal for summer and smart-casual outings.",
    "likes_count": 0,
    "sold_count": 0,
    "attributes": {
      "fit": "perfect fit",
      "brand": "Pantaloons",
      "color": "pastel aqua",
      "fabric": "cotton",
      "season": "summer spring",
      "sleeve": "half sleeve",
      "occasion": "smart casual"
    }
  }
},
{
  "model": "products.product",
  "pk": 7,
  "fields": {
    "name": "Bata casual shoes",
    "image_url": "https://res.cloudinary.com/dals8bd6a/image/upload/v1769445564/889-4058-_1_viyeig.jpg",
    "gender": "male",
    "category": "footwear",
    "subcategory": "shoe",
    "subcategory1": "slip-on",
    "subcategory2": "daily wear",
    "brand": "Bata",
    "price": 799.0,
    "description": "Bata menÆs footwear designed for durability and everyday comfort. Ideal for daily wear with a sturdy sole and classic styling.",
    "likes_count": 0,
    "sold_count": 0,
    "attributes": {
      "sole": "rubber",
      "type": "formal shoes",
      "brand": "Bata",
      "color": "black",
      "category": "mens footwear",
      "material": "synthetic leather",
      "occasion": "formal"
    }
  }
},
{
  "model": "products.product",
  "pk": 8,
  "fields": {
    "name": "Bata casual & sports shoe",
    "image_url": "https://res.cloudinary.com/dals8bd6a/image/upload/v1769446240/883-6101-_1_pdxgmg.jpg",
    "gender": "male",
    "category": "footwear",
    "subcategory": "shoe",
    "subcategory1": "sports",
    "subcategory2": "active wear",
    "brand": "Bata",
    "price": 899.0,
    "description": "Bata menÆs sports shoes featuring a black upper with a contrasting white sole for a casual look. Designed with lace closure and cushioned comfort, ideal for workouts and daily active wear.",
    "likes_count": 0,
    "sold_count": 0,
    "attributes": {
      "type": "sports shoes",
      "brand": "Bata",
      "color": "black with white sole",
      "closure": "laces",
      "category": "mens footwear",
      "material": "mesh synthetic",
      "occasion": "sports & casual"
    }
  }
},
{
  "model": "products.product",
  "pk": 9,
  "fields": {
    "name": "Bata slip-on shoe",
    "image_url": "https://res.cloudinary.com/dals8bd6a/image/upload/v1769446239/3_33f0c1da-2103-4c72-8bc3-5c9ff0aabd6f_1024x1024_sqwy7z.jpg",
    "gender": "male",
    "category": "footwear",
    "subcategory": "shoe",
    "subcategory1": "slip-on",
    "subcategory2": "casual",
    "brand": "Bata",
    "price": 599.0,
    "description": "Bata menÆs casual slip-on shoes in grey with a contrasting white sole for a relaxed, modern look. Lightweight and comfortable, perfect for everyday casual wear.",
    "likes_count": 0,
    "sold_count": 0,
    "attributes": {
      "type": "casual slip-ons",
      "brand": "Bata",
      "color": "grey with white sole",
      "closure": "slip-on",
      "category": "mens footwear",
      "material": "canvas",
      "occasion": "casual"
    }
  }
},
{
  "model": "products.product",
  "pk": 10,
  "fields": {
    "name": "Bata slip-on shoe",
    "image_url": "https://res.cloudinary.com/dals8bd6a/image/upload/v1769448791/XMTS301_default_main_1400x1400_0ae9d4c9-f3a1-47e2-b1cf-2ce558563b0d_iv6egy.jpg",
    "gender": "male",
    "category": "footwear",
    "subcategory": "shoe",
    "subcategory1": "slip-on",
    "subcategory2": "casual",
    "brand": "Bata",
    "price": 599.0,
    "description": "Bata menÆs slip-on shoes in earth green offer a natural, stylish look with everyday comfort. Lightweight design makes them ideal for casual daily wear.",
    "likes_count": 0,
    "sold_count": 0,
    "attributes": {
      "type": "casual slip-ons",
      "brand": "Bata",
      "color": "earth green",
      "closure": "slip-on",
      "category": "mens footwear",
      "material": "canvas",
      "occasion": "casual"
    }
  }
},
{
  "model": "products.product",
  "pk": 11,
  "fields": {
    "name": "Havells 6-wing ceiling fan",
    "image_url": "https://res.cloudinary.com/dals8bd6a/image/upload/v1768412637/53982_jyvasq.jpg",
    "gender": "unisex",
    "category": "electronics",
    "subcategory": "fan",
    "subcategory1": "ceilingfan",
    "subcategory2": "energy efficient",
    "brand": "havells",
    "price": 3999.0,
    "description": "Havells ceiling fan designed for powerful air delivery with smooth and silent operation. Ideal for bedrooms and living rooms with energy-efficient performance.",
    "likes_count": 0,
    "sold_count": 0,
    "attributes": {
      "type": "ceiling fan",
      "brand": "Havells",
      "color": "white",
      "usage": "indoor",
      "category": "home appliances",
      "blade_material": "aluminium",
      "power_consumption": "75W"
    }
  }
},
{
  "model": "products.product",
  "pk": 12,
  "fields": {
    "name": "Crompton 3-blade ceiling fan",
    "image_url": "https://res.cloudinary.com/dals8bd6a/image/upload/v1768412635/71whSf-qEcL._AC_UF894_1000_QL80__o9jxkm.jpg",
    "gender": "unisex",
    "category": "electronics",
    "subcategory": "fan",
    "subcategory1": "ceilingfan",
    "subcategory2": "with light",
    "brand": "Crompton",
    "price": 2999.0,
    "description": "Crompton 3-blade ceiling fan in brown finish with an integrated center light for added functionality. Delivers strong airflow with smooth performance, ideal for modern homes.",
    "likes_count": 0,
    "sold_count": 0,
    "attributes": {
      "type": "ceiling fan",
      "brand": "Crompton",
      "color": "brown",
      "usage": "indoor",
      "blades": 3,
      "feature": "center light",
      "category": "home appliances"
    }
  }
},
{
  "model": "products.product",
  "pk": 13,
  "fields": {
    "name": "Orient 8-blade ceiling fan",
    "image_url": "https://res.cloudinary.com/dals8bd6a/image/upload/v1768412639/81HaQ59QzbL_hqdcs2.jpg",
    "gender": "unisex",
    "category": "electronics",
    "subcategory": "fan",
    "subcategory1": "ceilingfan",
    "subcategory2": "decorative",
    "brand": "Orient",
    "price": 5999.0,
    "description": "Orient ceiling fan with 8-wing design in an elegant brown finish and integrated center light. Provides wide air circulation with a decorative look, perfect for living spaces",
    "likes_count": 0,
    "sold_count": 0,
    "attributes": {
      "type": "ceiling fan",
      "brand": "Orient",
      "color": "brown",
      "usage": "indoor",
      "blades": 8,
      "feature": "center light",
      "category": "home appliances"
    }
  }
},
{
  "model": "products.product",
  "pk": 14,
  "fields": {
    "name": "Ecosmart LED light bulb set(3)",
    "image_url": "https://res.cloudinary.com/dals8bd6a/image/upload/v1768412661/ecosmart-led-light-bulbs-14a1960ws6cct01-64_600_qncps5.jpg",
    "gender": "unisex",
    "category": "electronics",
    "subcategory": "light",
    "subcategory1": "bulb",
    "subcategory2": "home",
    "brand": "ecosmart",
    "price": 299.0,
    "description": "EcoSmart LED light bulb delivers bright illumination with low power consumption. Long-lasting and energy-efficient, perfect for everyday home lighting.",
    "likes_count": 0,
    "sold_count": 0,
    "attributes": {
      "type": "led light bulb",
      "brand": "EcoSmart",
      "color": "white",
      "usage": "indoor",
      "wattage": "9W",
      "category": "lighting"
    }
  }
},
{
  "model": "products.product",
  "pk": 15,
  "fields": {
    "name": "Sunco LED light bulb",
    "image_url": "https://res.cloudinary.com/dals8bd6a/image/upload/v1768412655/A19_3W_MainImage_1pk_eoou2k.png",
    "gender": "unisex",
    "category": "electronics",
    "subcategory": "light",
    "subcategory1": "bulb",
    "subcategory2": "home",
    "brand": "Sunco",
    "price": 99.0,
    "description": "Sunco LED light bulb provides bright and consistent lighting with excellent energy efficiency. Ideal for homes and offices with long-lasting performance.",
    "likes_count": 0,
    "sold_count": 0,
    "attributes": {
      "type": "led light bulb",
      "brand": "Sunco",
      "color": "cool white",
      "usage": "indoor",
      "wattage": "12W",
      "category": "lighting"
    }
  }
},
{
  "model": "products.product",
  "pk": 16,
  "fields": {
    "name": "Redmi note 7 mobile",
    "image_url": "https://res.cloudinary.com/dals8bd6a/image/upload/v1768412707/redmi-note-7-4gb-64gb-mobile-phone_dvlsim.jpg",
    "gender": "unisex",
    "category": "electronics",
    "subcategory": "mobiles",
    "subcategory1": "smart phone",
    "subcategory2": "redmi phone",
    "brand": "Redmi",
    "price": 15999.0,
    "description": "Redmi Note 7 smartphone with 4GB RAM and 64GB storage offers smooth performance and reliable daily usage. Stylish black finish with a solid build, suitable for everyday mobile needs.",
    "likes_count": 0,
    "sold_count": 0,
    "attributes": {
      "ram": "4GB",
      "brand": "Redmi",
      "color": "black",
      "model": "Note 7",
      "usage": "daily use",
      "storage": "64GB",
      "category": "mobiles"
    }
  }
},
{
  "model": "products.product",
  "pk": 17,
  "fields": {
    "name": "i phone17 pro",
    "image_url": "https://res.cloudinary.com/dals8bd6a/image/upload/v1769451648/iPhone-17-Pro_FG-3000x1500-1_HERO-mobile_r2vvte.png",
    "gender": "unisex",
    "category": "electronics",
    "subcategory": "mobiles",
    "subcategory1": "smart phone",
    "subcategory2": "i phone",
    "brand": "i phone",
    "price": 135999.0,
    "description": "iPhone 17 Pro in a bold orange finish delivers premium performance with a sleek, modern design. Built for power users with smooth performance and a refined user experience.",
    "likes_count": 0,
    "sold_count": 0,
    "attributes": {
      "brand": "Apple",
      "color": "orange",
      "model": "iPhone 17 Pro",
      "usage": "premium smartphone",
      "variant": "pro",
      "category": "mobiles"
    }
  }
},
{
  "model": "products.product",
  "pk": 18,
  "fields": {
    "name": "Nike sports shoe",
    "image_url": "https://res.cloudinary.com/dals8bd6a/image/upload/v1770126945/-473Wx593H-469581299-black-MODEL_xmvykz.jpg",
    "gender": "male",
    "category": "footwear",
    "subcategory": "shoe",
    "subcategory1": "sports",
    "subcategory2": "active wear",
    "brand": "nike",
    "price": 4999.0,
    "description": "Designed for performance and everyday comfort, these Nike sports shoes feature a sleek white and black look with breathable mesh material.\r\nPerfect for training or casual athletic wear, they offer a secure lace-up fit and lightweight support.",
    "likes_count": 0,
    "sold_count": 0,
    "attributes": {
      "type": "sports shoes",
      "brand": "Nike",
      "color": "white and black",
      "closure": "lace-up",
      "category": "mens footwear",
      "material": "mesh",
      "occasion": "sports"
    }
  }
},
{
  "model": "products.product",
  "pk": 19,
  "fields": {
    "name": "Mi 10i",
    "image_url": "https://res.cloudinary.com/dals8bd6a/image/upload/v1770642851/pms_1609753743.47133029_400x400_85_bghjox.png",
    "gender": "unisex",
    "category": "electronics",
    "subcategory": "mobiles",
    "subcategory1": "smart phone",
    "subcategory2": "Mi 10i",
    "brand": "Mi",
    "price": 22000.0,
    "description": "Mi 10i is a 5G smartphone with a 108MP camera, smooth 120Hz display, and strong performance for everyday use.",
    "likes_count": 0,
    "sold_count": 0,
    "attributes": {
      "brand": "Xiaomi",
      "design": "Premium glass back",
      "battery": "4820 mAh with fast charging",
      "display": "6.67-inch Full HD+ LCD, 120Hz refresh rate",
      "network": "5G",
      "processor": "Qualcomm Snapdragon 750G",
      "rear_camera": "108MP quad camera",
      "front_camera": "16MP",
      "product_name": "Mi 10i",
      "operating_system": "Android"
    }
  }
},
{
  "model": "products.product",
  "pk": 20,
  "fields": {
    "name": "One plus 13s",
    "image_url": "https://res.cloudinary.com/dals8bd6a/image/upload/v1770642823/s-l1200_b25oqh.jpg",
    "gender": "unisex",
    "category": "electronics",
    "subcategory": "mobiles",
    "subcategory1": "smart phone",
    "subcategory2": "One plus",
    "brand": "Oneplus",
    "price": 56000.0,
    "description": "OnePlus 13s is a compact flagship-level 5G smartphone with a powerful Snapdragon 8 Elite chipset, vibrant 120 Hz display, dual 50 MP cameras, and long-lasting battery for smooth daily use.",
    "likes_count": 0,
    "sold_count": 0,
    "attributes": {
      "audio": "Stereo speakers",
      "brand": "OnePlus",
      "design": "Premium glass and metal body",
      "battery": "High-capacity battery with fast charging support",
      "display": "6.7-inch AMOLED display with 1.5K resolution and 120Hz refresh rate",
      "network": "5G",
      "processor": "Qualcomm Snapdragon 8 series chipset",
      "rear_camera": "Dual 50MP rear camera setup",
      "front_camera": "32MP selfie camera",
      "product_name": "OnePlus 13s",
      "special_feature": "Alert Slider",
      "operating_system": "OxygenOS based on Android",
      "fingerprint_sensor": "In-display fingerprint sensor"
    }
  }
},
{
  "model": "products.product",
  "pk": 21,
  "fields": {
    "name": "Crompton 3-blade ceiling fan",
    "image_url": "https://res.cloudinary.com/dals8bd6a/image/upload/v1768412637/53982_jyvasq.jpg",
    "gender": "unisex",
    "category": "electronics",
    "subcategory": "fan",
    "subcategory1": "ceilingfan",
    "subcategory2": "normal",
    "brand": "Crompton",
    "price": 3999.0,
    "description": "Crompton 3-wing white ceiling fan delivers strong airflow with a high-speed motor and efficient cooling for home use",
    "likes_count": 0,
    "sold_count": 0,
    "attributes": {
      "brand": "Crompton",
      "color": "White",
      "air_flow": "High air delivery",
      "controls": "Button or regulator control",
      "warranty": "Typically 1û2 years",
      "speed_rpm": "Around 360û380 RPM",
      "motor_type": "Copper motor",
      "sweep_size": "1200 mm",
      "blade_count": "3",
      "product_type": "Ceiling Fan",
      "installation_type": "Ceiling mount",
      "power_consumption": "Approx. 50û74 W"
    }
  }
},
{
  "model": "products.review",
  "pk": 1,
  "fields": {
    "product": 2,
    "user": 7,
    "review_text": "good",
    "sentiment": "positive",
    "rating": 5,
    "is_verified_buyer": true,
    "created_at": "2026-02-08T12:59:43.567Z",
    "updated_at": "2026-02-08T12:59:43.567Z"
  }
},
{
  "model": "products.review",
  "pk": 2,
  "fields": {
    "product": 1,
    "user": 7,
    "review_text": "ok",
    "sentiment": "positive",
    "rating": 5,
    "is_verified_buyer": true,
    "created_at": "2026-02-08T16:33:56.709Z",
    "updated_at": "2026-02-08T16:33:56.709Z"
  }
},
{
  "model": "products.review",
  "pk": 3,
  "fields": {
    "product": 7,
    "user": 7,
    "review_text": "bad",
    "sentiment": "negative",
    "rating": 1,
    "is_verified_buyer": true,
    "created_at": "2026-02-08T16:34:37.805Z",
    "updated_at": "2026-02-08T16:34:37.805Z"
  }
},
{
  "model": "products.usercart",
  "pk": 404,
  "fields": {
    "user": 9,
    "product": 2,
    "quantity": 1,
    "added_at": "2026-02-08T10:23:01.709Z",
    "category": "clothing"
  }
},
{
  "model": "products.usercart",
  "pk": 405,
  "fields": {
    "user": 9,
    "product": 3,
    "quantity": 2,
    "added_at": "2026-02-08T10:23:01.709Z",
    "category": "clothing"
  }
},
{
  "model": "products.usercart",
  "pk": 465,
  "fields": {
    "user": 8,
    "product": 1,
    "quantity": 2,
    "added_at": "2026-02-09T16:09:05.665Z",
    "category": "clothing"
  }
},
{
  "model": "products.usercart",
  "pk": 466,
  "fields": {
    "user": 8,
    "product": 2,
    "quantity": 1,
    "added_at": "2026-02-09T16:09:05.665Z",
    "category": "clothing"
  }
},
{
  "model": "products.usercart",
  "pk": 467,
  "fields": {
    "user": 8,
    "product": 4,
    "quantity": 1,
    "added_at": "2026-02-09T16:09:05.665Z",
    "category": "clothing"
  }
},
{
  "model": "products.usercart",
  "pk": 468,
  "fields": {
    "user": 8,
    "product": 8,
    "quantity": 1,
    "added_at": "2026-02-09T16:09:05.665Z",
    "category": "footwear"
  }
},
{
  "model": "products.usercart",
  "pk": 469,
  "fields": {
    "user": 8,
    "product": 11,
    "quantity": 1,
    "added_at": "2026-02-09T16:09:05.665Z",
    "category": "electronics"
  }
},
{
  "model": "products.usercart",
  "pk": 470,
  "fields": {
    "user": 8,
    "product": 14,
    "quantity": 1,
    "added_at": "2026-02-09T16:09:05.665Z",
    "category": "electronics"
  }
},
{
  "model": "products.usercart",
  "pk": 686,
  "fields": {
    "user": 7,
    "product": 7,
    "quantity": 1,
    "added_at": "2026-02-10T12:15:05.522Z",
    "category": "footwear"
  }
},
{
  "model": "products.userorder",
  "pk": 1,
  "fields": {
    "user": 8,
    "product": 1,
    "quantity": 2415919104,
    "price_at_purchase": 2999.0,
    "ordered_at": "2026-01-25T12:12:33.633Z",
    "category": "clothing"
  }
},
{
  "model": "products.userorder",
  "pk": 2,
  "fields": {
    "user": 9,
    "product": 2,
    "quantity": 512,
    "price_at_purchase": 1999.0,
    "ordered_at": "2026-01-27T09:19:21.198Z",
    "category": "clothing"
  }
},
{
  "model": "products.userorder",
  "pk": 3,
  "fields": {
    "user": 9,
    "product": 3,
    "quantity": 320,
    "price_at_purchase": 1499.0,
    "ordered_at": "2026-01-27T09:21:29.421Z",
    "category": "clothing"
  }
},
{
  "model": "products.userorder",
  "pk": 4,
  "fields": {
    "user": 8,
    "product": 11,
    "quantity": 2147483648,
    "price_at_purchase": 3999.0,
    "ordered_at": "2026-01-28T05:21:36.811Z",
    "category": "electronics"
  }
},
{
  "model": "products.userorder",
  "pk": 5,
  "fields": {
    "user": 7,
    "product": 7,
    "quantity": 32,
    "price_at_purchase": 799.0,
    "ordered_at": "2026-02-08T12:16:20.693Z",
    "category": "footwear"
  }
},
{
  "model": "products.userorder",
  "pk": 6,
  "fields": {
    "user": 7,
    "product": 1,
    "quantity": 64,
    "price_at_purchase": 2999.0,
    "ordered_at": "2026-02-08T12:57:59.510Z",
    "category": "clothing"
  }
},
{
  "model": "products.userorder",
  "pk": 7,
  "fields": {
    "user": 7,
    "product": 2,
    "quantity": 123,
    "price_at_purchase": 1999.0,
    "ordered_at": "2026-02-08T12:59:17.292Z",
    "category": "clothing"
  }
},
{
  "model": "products.userorder",
  "pk": 8,
  "fields": {
    "user": 7,
    "product": 18,
    "quantity": 1,
    "price_at_purchase": 4999.0,
    "ordered_at": "2026-02-10T11:47:17.902Z",
    "category": "footwear"
  }
}
]
